Text;Sentiment
Der Service war hervorragend und mein Anliegen wurde sofort geklärt.;positiv
Der Mitarbeiter war sehr unhöflich und mein Problem wurde nicht behoben.;negativ
Der Service hat zu lange gebraucht und mein Problem nicht gelöst.;negativ
Fantastischer Service! Mein Problem wurde sofort gelöst.;positiv
Es hat zu lange gedauert und niemand konnte mir helfen.;negativ
Das Support-Team schien verwirrt und hat nicht wirklich geholfen.;negativ
Mein Anliegen wurde ignoriert und nicht gelöst. Sehr unzufrieden.;negativ
Der Service hat zu lange gebraucht und mein Problem nicht gelöst.;negativ
Das Support-Team schien verwirrt und hat nicht wirklich geholfen.;negativ
Der Service war hervorragend und mein Anliegen wurde sofort geklärt.;positiv
Der Service hat zu lange gebraucht und mein Problem nicht gelöst.;negativ
Fantastischer Service! Mein Problem wurde sofort gelöst.;positiv
Das Support-Team schien verwirrt und hat nicht wirklich geholfen.;negativ
Der Service war hervorragend und mein Anliegen wurde sofort geklärt.;positiv
Der Service hat zu lange gebraucht und mein Problem nicht gelöst.;negativ
Der Service war hervorragend und mein Anliegen wurde sofort geklärt.;positiv
Der Support war sehr hilfsbereit und hat mein Problem schnell gelöst.;positiv
Fantastischer Service! Mein Problem wurde sofort gelöst.;positiv
Der Mitarbeiter war sehr unhöflich und mein Problem wurde nicht behoben.;negativ
Der Service hat zu lange gebraucht und mein Problem nicht gelöst.;negativ
Der Mitarbeiter war sehr unhöflich und mein Problem wurde nicht behoben.;negativ
Der Service war hervorragend und mein Anliegen wurde sofort geklärt.;positiv
Fantastischer Service! Mein Problem wurde sofort gelöst.;positiv
Mein Anliegen wurde ignoriert und nicht gelöst. Sehr unzufrieden.;negativ
Der Support war sehr hilfsbereit und hat mein Problem schnell gelöst.;positiv
Der Service war hervorragend und mein Anliegen wurde sofort geklärt.;positiv
Der Service hat zu lange gebraucht und mein Problem nicht gelöst.;negativ
Der Support war sehr hilfsbereit und hat mein Problem schnell gelöst.;positiv
Der Mitarbeiter war sehr unhöflich und mein Problem wurde nicht behoben.;negativ
Der Mitarbeiter war sehr unhöflich und mein Problem wurde nicht behoben.;negativ
Der Service war hervorragend und mein Anliegen wurde sofort geklärt.;positiv
Fantastischer Service! Mein Problem wurde sofort gelöst.;positiv
Es hat zu lange gedauert und niemand konnte mir helfen.;negativ
Der Mitarbeiter war sehr unhöflich und mein Problem wurde nicht behoben.;negativ
Der Service hat zu lange gebraucht und mein Problem nicht gelöst.;negativ
Fantastischer Service! Mein Problem wurde sofort gelöst.;positiv
Es hat zu lange gedauert und niemand konnte mir helfen.;negativ
Der Service war hervorragend und mein Anliegen wurde sofort geklärt.;positiv
Das Support-Team schien verwirrt und hat nicht wirklich geholfen.;negativ
Der Service war hervorragend und mein Anliegen wurde sofort geklärt.;positiv
Der Support war sehr hilfsbereit und hat mein Problem schnell gelöst.;positiv
Der Mitarbeiter war sehr unhöflich und mein Problem wurde nicht behoben.;negativ
Der Support war sehr hilfsbereit und hat mein Problem schnell gelöst.;positiv
Der Mitarbeiter war sehr unhöflich und mein Problem wurde nicht behoben.;negativ
Der Support war sehr hilfsbereit und hat mein Problem schnell gelöst.;positiv
Fantastischer Service! Mein Problem wurde sofort gelöst.;positiv
Der Service hat zu lange gebraucht und mein Problem nicht gelöst.;negativ
Der Service war hervorragend und mein Anliegen wurde sofort geklärt.;positiv
Es hat zu lange gedauert und niemand konnte mir helfen.;negativ
Der Support war sehr hilfsbereit und hat mein Problem schnell gelöst.;positiv
Der Service hat zu lange gebraucht und mein Problem nicht gelöst.;negativ
Der Service hat zu lange gebraucht und mein Problem nicht gelöst.;negativ
Fantastischer Service! Mein Problem wurde sofort gelöst.;positiv
Fantastischer Service! Mein Problem wurde sofort gelöst.;positiv
Es hat zu lange gedauert und niemand konnte mir helfen.;negativ
Der Support war sehr hilfsbereit und hat mein Problem schnell gelöst.;positiv
Der Service war hervorragend und mein Anliegen wurde sofort geklärt.;positiv
Fantastischer Service! Mein Problem wurde sofort gelöst.;positiv
Der Service war hervorragend und mein Anliegen wurde sofort geklärt.;positiv
Der Mitarbeiter war sehr unhöflich und mein Problem wurde nicht behoben.;negativ
Fantastischer Service! Mein Problem wurde sofort gelöst.;positiv
Mein Anliegen wurde ignoriert und nicht gelöst. Sehr unzufrieden.;negativ
Der Support war sehr hilfsbereit und hat mein Problem schnell gelöst.;positiv
Das Support-Team schien verwirrt und hat nicht wirklich geholfen.;negativ
Es hat zu lange gedauert und niemand konnte mir helfen.;negativ
Fantastischer Service! Mein Problem wurde sofort gelöst.;positiv
Mein Anliegen wurde ignoriert und nicht gelöst. Sehr unzufrieden.;negativ
Der Mitarbeiter war sehr unhöflich und mein Problem wurde nicht behoben.;negativ
Das Support-Team schien verwirrt und hat nicht wirklich geholfen.;negativ
Fantastischer Service! Mein Problem wurde sofort gelöst.;positiv
Es hat zu lange gedauert und niemand konnte mir helfen.;negativ
Der Service war hervorragend und mein Anliegen wurde sofort geklärt.;positiv
Mein Anliegen wurde ignoriert und nicht gelöst. Sehr unzufrieden.;negativ
Es hat zu lange gedauert und niemand konnte mir helfen.;negativ
Mein Anliegen wurde ignoriert und nicht gelöst. Sehr unzufrieden.;negativ
Der Service hat zu lange gebraucht und mein Problem nicht gelöst.;negativ
Es hat zu lange gedauert und niemand konnte mir helfen.;negativ
Das SupportTeam schien verwirrt und hat nicht wirklich geholfen.;negativ
Der Service war hervorragend und mein Anliegen wurde sofort geklärt.;positiv
Der Mitarbeiter war sehr unhöflich und mein Problem wurde nicht behoben.;negativ
Das Support-Team schien verwirrt und hat nicht wirklich geholfen.;negativ
Der Service hat zu lange gebraucht und mein Problem nicht gelöst.;negativ
Der Mitarbeiter war sehr unhöflich und mein Problem wurde nicht behoben.;negativ
Das Support-Team schien verwirrt und hat nicht wirklich geholfen.;negativ
Es hat zu lange gedauert und niemand konnte mir helfen.;negativ
Fantastischer Service! Mein Problem wurde sofort gelöst.;positiv
Der Mitarbeiter war sehr unhöflich und mein Problem wurde nicht behoben.;negativ
Der Support war sehr hilfsbereit und hat mein Problem schnell gelöst.;positiv
Das Support-Team schien verwirrt und hat nicht wirklich geholfen.;negativ
Es hat zu lange gedauert und niemand konnte mir helfen.;negativ
Der Support war sehr hilfsbereit und hat mein Problem schnell gelöst.;positiv
Es hat zu lange gedauert und niemand konnte mir helfen.;negativ
Der Service hat zu lange gebraucht und mein Problem nicht gelöst.;negativ
Es hat zu lange gedauert und niemand konnte mir helfen.;negativ
Der Mitarbeiter war sehr unhöflich und mein Problem wurde nicht behoben.;negativ
Es hat zu lange gedauert und niemand konnte mir helfen.;negativ
Der Service hat zu lange gebraucht und mein Problem nicht gelöst.;negativ
Der Service hat zu lange gebraucht und mein Problem nicht gelöst.;negativ
Das Support-Team schien verwirrt und hat nicht wirklich geholfen.;negativ
Der Support war sehr hilfsbereit und hat mein Problem schnell gelöst.;positiv
Der Mitarbeiter war sehr unhöflich und mein Problem wurde nicht behoben.;negativ
Der Mitarbeiter war sehr unhöflich und mein Problem wurde nicht behoben.;negativ
Der Mitarbeiter war sehr unhöflich und mein Problem wurde nicht behoben.;negativ
Der Service war hervorragend und mein Anliegen wurde sofort geklärt.;positiv
Das Support-Team schien verwirrt und hat nicht wirklich geholfen.;negativ
Es hat zu lange gedauert und niemand konnte mir helfen.;negativ
Der Service hat zu lange gebraucht und mein Problem nicht gelöst.;negativ
Mein Anliegen wurde ignoriert und nicht gelöst. Sehr unzufrieden.;negativ
Es hat zu lange gedauert und niemand konnte mir helfen.;negativ
Mein Anliegen wurde ignoriert und nicht gelöst. Sehr unzufrieden.;negativ
Mein Anliegen wurde ignoriert und nicht gelöst. Sehr unzufrieden.;negativ
Das Support-Team schien verwirrt und hat nicht wirklich geholfen.;negativ
Mein Anliegen wurde ignoriert und nicht gelöst. Sehr unzufrieden.;negativ
Das Support-Team schien verwirrt und hat nicht wirklich geholfen.;negativ
Es hat zu lange gedauert und niemand konnte mir helfen.;negativ
Der Service hat zu lange gebraucht und mein Problem nicht gelöst.;negativ
Der Mitarbeiter war sehr unhöflich und mein Problem wurde nicht behoben.;negativ
Der Service hat zu lange gebraucht und mein Problem nicht gelöst.;negativ
Fantastischer Service! Mein Problem wurde sofort gelöst.;positiv
Der Service hat zu lange gebraucht und mein Problem nicht gelöst.;negativ
Der Mitarbeiter war sehr unhöflich und mein Problem wurde nicht behoben.;negativ
Der Service war hervorragend und mein Anliegen wurde sofort geklärt.;positiv
Der Support war sehr hilfsbereit und hat mein Problem schnell gelöst.;positiv
Mein Anliegen wurde ignoriert und nicht gelöst. Sehr unzufrieden.;negativ
Fantastischer Service! Mein Problem wurde sofort gelöst.;positiv
Der Support war sehr hilfsbereit und hat mein Problem schnell gelöst.;positiv
Das Support-Team schien verwirrt und hat nicht wirklich geholfen.;negativ
Fantastischer Service! Mein Problem wurde sofort gelöst.;positiv
Fantastischer Service! Mein Problem wurde sofort gelöst.;positiv
Das Support-Team schien verwirrt und hat nicht wirklich geholfen.;negativ
Der Service hat zu lange gebraucht und mein Problem nicht gelöst.;negativ
Es hat zu lange gedauert und niemand konnte mir helfen.;negativ
Mein Anliegen wurde ignoriert und nicht gelöst. Sehr unzufrieden.;negativ
Fantastischer Service! Mein Problem wurde sofort gelöst.;positiv
Es hat zu lange gedauert und niemand konnte mir helfen.;negativ
Fantastischer Service! Mein Problem wurde sofort gelöst.;positiv
Der Service war hervorragend und mein Anliegen wurde sofort geklärt.;positiv
Mein Anliegen wurde ignoriert und nicht gelöst. Sehr unzufrieden.;negativ
Das Support-Team schien verwirrt und hat nicht wirklich geholfen.;negativ
Es hat zu lange gedauert und niemand konnte mir helfen.;negativ
Der Support war sehr hilfsbereit und hat mein Problem schnell gelöst.;positiv
Es hat zu lange gedauert und niemand konnte mir helfen.;negativ
Der Mitarbeiter war sehr unhöflich und mein Problem wurde nicht behoben.;negativ
Fantastischer Service! Mein Problem wurde sofort gelöst.;positiv
Das Support-Team schien verwirrt und hat nicht wirklich geholfen.;negativ
Das Support-Team schien verwirrt und hat nicht wirklich geholfen.;negativ
Der Service hat zu lange gebraucht und mein Problem nicht gelöst.;negativ
Der Service hat zu lange gebraucht und mein Problem nicht gelöst.;negativ
Der Mitarbeiter war sehr unhöflich und mein Problem wurde nicht behoben.;negativ
Der Service war hervorragend und mein Anliegen wurde sofort geklärt.;positiv
Der Service hat zu lange gebraucht und mein Problem nicht gelöst.;negativ
Der Mitarbeiter war sehr unhöflich und mein Problem wurde nicht behoben.;negativ
Der Service hat zu lange gebraucht und mein Problem nicht gelöst.;negativ
Der Mitarbeiter war sehr unhöflich und mein Problem wurde nicht behoben.;negativ
Der Support war sehr hilfsbereit und hat mein Problem schnell gelöst.;positiv
Mein Anliegen wurde ignoriert und nicht gelöst. Sehr unzufrieden.;negativ
Fantastischer Service! Mein Problem wurde sofort gelöst.;positiv
Der Service hat zu lange gebraucht und mein Problem nicht gelöst.;negativ
Das Support-Team schien verwirrt und hat nicht wirklich geholfen.;negativ
Das Support-Team schien verwirrt und hat nicht wirklich geholfen.;negativ
Der Service hat zu lange gebraucht und mein Problem nicht gelöst.;negativ
Mein Anliegen wurde ignoriert und nicht gelöst. Sehr unzufrieden.;negativ
Der Service hat zu lange gebraucht und mein Problem nicht gelöst.;negativ
Es hat zu lange gedauert und niemand konnte mir helfen.;negativ
Es hat zu lange gedauert und niemand konnte mir helfen.;negativ
Mein Anliegen wurde ignoriert und nicht gelöst. Sehr unzufrieden.;negativ
Der Mitarbeiter war sehr unhöflich und mein Problem wurde nicht behoben.;negativ
Mein Anliegen wurde ignoriert und nicht gelöst. Sehr unzufrieden.;negativ
Fantastischer Service! Mein Problem wurde sofort gelöst.;positiv
Der Service war hervorragend und mein Anliegen wurde sofort geklärt.;positiv
Das Support-Team schien verwirrt und hat nicht wirklich geholfen.;negativ
Der Service hat zu lange gebraucht und mein Problem nicht gelöst.;negativ
Mein Anliegen wurde ignoriert und nicht gelöst. Sehr unzufrieden.;negativ
Der Mitarbeiter war sehr unhöflich und mein Problem wurde nicht behoben.;negativ
Der Mitarbeiter war sehr unhöflich und mein Problem wurde nicht behoben.;negativ
Der Service war hervorragend und mein Anliegen wurde sofort geklärt.;positiv
Der Service hat zu lange gebraucht und mein Problem nicht gelöst.;negativ
Der Support war sehr hilfsbereit und hat mein Problem schnell gelöst.;positiv
Der Mitarbeiter war sehr unhöflich und mein Problem wurde nicht behoben.;negativ
Der Mitarbeiter war sehr unhöflich und mein Problem wurde nicht behoben.;negativ
Der Service war hervorragend und mein Anliegen wurde sofort geklärt.;positiv
Der Service hat zu lange gebraucht und mein Problem nicht gelöst.;negativ
Der Service hat zu lange gebraucht und mein Problem nicht gelöst.;negativ
Es hat zu lange gedauert und niemand konnte mir helfen.;negativ
Mein Anliegen wurde ignoriert und nicht gelöst. Sehr unzufrieden.;negativ
Der Service war hervorragend und mein Anliegen wurde sofort geklärt.;positiv
Das Support-Team schien verwirrt und hat nicht wirklich geholfen.;negativ
Fantastischer Service! Mein Problem wurde sofort gelöst.;positiv
Das Support-Team schien verwirrt und hat nicht wirklich geholfen.;negativ
Der Support war sehr hilfsbereit und hat mein Problem schnell gelöst.;positiv
Fantastischer Service! Mein Problem wurde sofort gelöst.;positiv
Der Service hat zu lange gebraucht und mein Problem nicht gelöst.;negativ
Der Service war hervorragend und mein Anliegen wurde sofort geklärt.;positiv
Es hat zu lange gedauert und niemand konnte mir helfen.;negativ
Mein Anliegen wurde ignoriert und nicht gelöst. Sehr unzufrieden.;negativ
Das Support-Team schien verwirrt und hat nicht wirklich geholfen.;negativ
Das Support-Team schien verwirrt und hat nicht wirklich geholfen.;negativ
Der Service hat zu lange gebraucht und mein Problem nicht gelöst.;negativ
Mein Anliegen wurde ignoriert und nicht gelöst. Sehr unzufrieden.;negativ
Der Service hat zu lange gebraucht und mein Problem nicht gelöst.;negativ
Es hat zu lange gedauert und niemand konnte mir helfen.;negativ
Der Support war sehr hilfsbereit und hat mein Problem schnell gelöst.;positiv
Fantastischer Service! Mein Problem wurde sofort gelöst.;positiv
Das Support-Team schien verwirrt und hat nicht wirklich geholfen.;negativ
Mein Anliegen wurde ignoriert und nicht gelöst. Sehr unzufrieden.;negativ
Der Service hat zu lange gebraucht und mein Problem nicht gelöst.;negativ
Fantastischer Service! Mein Problem wurde sofort gelöst.;positiv
Fantastischer Service! Mein Problem wurde sofort gelöst.;positiv
Der Support war sehr hilfsbereit und hat mein Problem schnell gelöst.;positiv
Der Mitarbeiter war sehr unhöflich und mein Problem wurde nicht behoben.;negativ
Der Mitarbeiter war sehr unhöflich und mein Problem wurde nicht behoben.;negativ
Der Service hat zu lange gebraucht und mein Problem nicht gelöst.;negativ
Der Support war sehr hilfsbereit und hat mein Problem schnell gelöst.;positiv
Es hat zu lange gedauert und niemand konnte mir helfen.;negativ
Mein Anliegen wurde ignoriert und nicht gelöst. Sehr unzufrieden.;negativ
Mein Anliegen wurde ignoriert und nicht gelöst. Sehr unzufrieden.;negativ
Das Support-Team schien verwirrt und hat nicht wirklich geholfen.;negativ
Der Service war hervorragend und mein Anliegen wurde sofort geklärt.;positiv
Der Service hat zu lange gebraucht und mein Problem nicht gelöst.;negativ
Der Mitarbeiter war sehr unhöflich und mein Problem wurde nicht behoben.;negativ
Mein Anliegen wurde ignoriert und nicht gelöst. Sehr unzufrieden.;negativ
Das Support-Team schien verwirrt und hat nicht wirklich geholfen.;negativ
Der Mitarbeiter war sehr unhöflich und mein Problem wurde nicht behoben.;negativ
Der Support war sehr hilfsbereit und hat mein Problem schnell gelöst.;positiv
Fantastischer Service! Mein Problem wurde sofort gelöst.;positiv
Fantastischer Service! Mein Problem wurde sofort gelöst.;positiv
Der Support war sehr hilfsbereit und hat mein Problem schnell gelöst.;positiv
Das Support-Team schien verwirrt und hat nicht wirklich geholfen.;negativ
Der Service hat zu lange gebraucht und mein Problem nicht gelöst.;negativ
Es hat zu lange gedauert und niemand konnte mir helfen.;negativ
Der Service war hervorragend und mein Anliegen wurde sofort geklärt.;positiv
Der Mitarbeiter war sehr unhöflich und mein Problem wurde nicht behoben.;negativ
Das Support-Team schien verwirrt und hat nicht wirklich geholfen.;negativ
Fantastischer Service! Mein Problem wurde sofort gelöst.;positiv
Der Mitarbeiter war sehr unhöflich und mein Problem wurde nicht behoben.;negativ
Das Support-Team schien verwirrt und hat nicht wirklich geholfen.;negativ
Der Service hat zu lange gebraucht und mein Problem nicht gelöst.;negativ
Der Service hat zu lange gebraucht und mein Problem nicht gelöst.;negativ
Mein Anliegen wurde ignoriert und nicht gelöst. Sehr unzufrieden.;negativ
Mein Anliegen wurde ignoriert und nicht gelöst. Sehr unzufrieden.;negativ
Der Support war sehr hilfsbereit und hat mein Problem schnell gelöst.;positiv
Der Mitarbeiter war sehr unhöflich und mein Problem wurde nicht behoben.;negativ
Es hat zu lange gedauert und niemand konnte mir helfen.;negativ
Das Support-Team schien verwirrt und hat nicht wirklich geholfen.;negativ
Der Service hat zu lange gebraucht und mein Problem nicht gelöst.;negativ
Das Support-Team schien verwirrt und hat nicht wirklich geholfen.;negativ
Der Support war sehr hilfsbereit und hat mein Problem schnell gelöst.;positiv
Der Service hat zu lange gebraucht und mein Problem nicht gelöst.;negativ
Der Service hat zu lange gebraucht und mein Problem nicht gelöst.;negativ
Es hat zu lange gedauert und niemand konnte mir helfen.;negativ
Der Support war sehr hilfsbereit und hat mein Problem schnell gelöst.;positiv
Der Support war sehr hilfsbereit und hat mein Problem schnell gelöst.;positiv
Es hat zu lange gedauert und niemand konnte mir helfen.;negativ
Fantastischer Service! Mein Problem wurde sofort gelöst.;positiv
Der Service hat zu lange gebraucht und mein Problem nicht gelöst.;negativ
Es hat zu lange gedauert und niemand konnte mir helfen.;negativ
Fantastischer Service! Mein Problem wurde sofort gelöst.;positiv
Fantastischer Service! Mein Problem wurde sofort gelöst.;positiv
Mein Anliegen wurde ignoriert und nicht gelöst. Sehr unzufrieden.;negativ
Der Service war hervorragend und mein Anliegen wurde sofort geklärt.;positiv
Der Service hat zu lange gebraucht und mein Problem nicht gelöst.;negativ
Fantastischer Service! Mein Problem wurde sofort gelöst.;positiv
Der Service war hervorragend und mein Anliegen wurde sofort geklärt.;positiv
Es hat zu lange gedauert und niemand konnte mir helfen.;negativ
Das Support-Team schien verwirrt und hat nicht wirklich geholfen.;negativ
Der Service war hervorragend und mein Anliegen wurde sofort geklärt.;positiv
Es hat zu lange gedauert und niemand konnte mir helfen.;negativ
Das Support-Team schien verwirrt und hat nicht wirklich geholfen.;negativ
Der Service war hervorragend und mein Anliegen wurde sofort geklärt.;positiv
Es hat zu lange gedauert und niemand konnte mir helfen.;negativ
Das Support-Team schien verwirrt und hat nicht wirklich geholfen.;negativ
Mein Anliegen wurde ignoriert und nicht gelöst. Sehr unzufrieden.;negativ
Das Support-Team schien verwirrt und hat nicht wirklich geholfen.;negativ
Der Mitarbeiter war sehr unhöflich und mein Problem wurde nicht behoben.;negativ
Mein Anliegen wurde ignoriert und nicht gelöst. Sehr unzufrieden.;negativ
Das Support-Team schien verwirrt und hat nicht wirklich geholfen.;negativ
Es hat zu lange gedauert und niemand konnte mir helfen.;negativ
Es hat zu lange gedauert und niemand konnte mir helfen.;negativ
Der Support war sehr hilfsbereit und hat mein Problem schnell gelöst.;positiv
Es hat zu lange gedauert und niemand konnte mir helfen.;negativ
Das Support-Team schien verwirrt und hat nicht wirklich geholfen.;negativ
Das Support-Team schien verwirrt und hat nicht wirklich geholfen.;negativ
Das Support-Team schien verwirrt und hat nicht wirklich geholfen.;negativ
Fantastischer Service! Mein Problem wurde sofort gelöst.;positiv
Der Mitarbeiter war sehr unhöflich und mein Problem wurde nicht behoben.;negativ
Der Service war hervorragend und mein Anliegen wurde sofort geklärt.;positiv
Mein Anliegen wurde ignoriert und nicht gelöst. Sehr unzufrieden.;negativ
Es hat zu lange gedauert und niemand konnte mir helfen.;negativ
Fantastischer Service! Mein Problem wurde sofort gelöst.;positiv
Es hat zu lange gedauert und niemand konnte mir helfen.;negativ
Der Support war sehr hilfsbereit und hat mein Problem schnell gelöst.;positiv
Es hat zu lange gedauert und niemand konnte mir helfen.;negativ
Es hat zu lange gedauert und niemand konnte mir helfen.;negativ
Das Support-Team schien verwirrt und hat nicht wirklich geholfen.;negativ
Der Support war sehr hilfsbereit und hat mein Problem schnell gelöst.;positiv
Fantastischer Service! Mein Problem wurde sofort gelöst.;positiv
Mein Anliegen wurde ignoriert und nicht gelöst. Sehr unzufrieden.;negativ
Fantastischer Service! Mein Problem wurde sofort gelöst.;positiv
Es hat zu lange gedauert und niemand konnte mir helfen.;negativ
Es hat zu lange gedauert und niemand konnte mir helfen.;negativ
Das Support-Team schien verwirrt und hat nicht wirklich geholfen.;negativ
Fantastischer Service! Mein Problem wurde sofort gelöst.;positiv
Es hat zu lange gedauert und niemand konnte mir helfen.;negativ
Das Support-Team schien verwirrt und hat nicht wirklich geholfen.;negativ
Der Support war sehr hilfsbereit und hat mein Problem schnell gelöst.;positiv
Mein Anliegen wurde ignoriert und nicht gelöst. Sehr unzufrieden.;negativ
Fantastischer Service! Mein Problem wurde sofort gelöst.;positiv
Fantastischer Service! Mein Problem wurde sofort gelöst.;positiv
Der Mitarbeiter war sehr unhöflich und mein Problem wurde nicht behoben.;negativ
Mein Anliegen wurde ignoriert und nicht gelöst. Sehr unzufrieden.;negativ
Der Support war sehr hilfsbereit und hat mein Problem schnell gelöst.;positiv
Das Support-Team schien verwirrt und hat nicht wirklich geholfen.;negativ
Der Mitarbeiter war sehr unhöflich und mein Problem wurde nicht behoben.;negativ
Der Mitarbeiter war sehr unhöflich und mein Problem wurde nicht behoben.;negativ
Der Support war sehr hilfsbereit und hat mein Problem schnell gelöst.;positiv
Der Mitarbeiter war sehr unhöflich und mein Problem wurde nicht behoben.;negativ
Der Service hat zu lange gebraucht und mein Problem nicht gelöst.;negativ
Mein Anliegen wurde ignoriert und nicht gelöst. Sehr unzufrieden.;negativ
Fantastischer Service! Mein Problem wurde sofort gelöst.;positiv
Fantastischer Service! Mein Problem wurde sofort gelöst.;positiv
Es hat zu lange gedauert und niemand konnte mir helfen.;negativ
Fantastischer Service! Mein Problem wurde sofort gelöst.;positiv
Es hat zu lange gedauert und niemand konnte mir helfen.;negativ
Fantastischer Service! Mein Problem wurde sofort gelöst.;positiv
Mein Anliegen wurde ignoriert und nicht gelöst. Sehr unzufrieden.;negativ
Fantastischer Service! Mein Problem wurde sofort gelöst.;positiv
Fantastischer Service! Mein Problem wurde sofort gelöst.;positiv
Der Support war sehr hilfsbereit und hat mein Problem schnell gelöst.;positiv
Fantastischer Service! Mein Problem wurde sofort gelöst.;positiv
Es hat zu lange gedauert und niemand konnte mir helfen.;negativ
Mein Anliegen wurde ignoriert und nicht gelöst. Sehr unzufrieden.;negativ
Der Support war sehr hilfsbereit und hat mein Problem schnell gelöst.;positiv
Der Service war hervorragend und mein Anliegen wurde sofort geklärt.;positiv
Der Mitarbeiter war sehr unhöflich und mein Problem wurde nicht behoben.;negativ
Es hat zu lange gedauert und niemand konnte mir helfen.;negativ
Der Mitarbeiter war sehr unhöflich und mein Problem wurde nicht behoben.;negativ
Der Service war hervorragend und mein Anliegen wurde sofort geklärt.;positiv
Das Support-Team schien verwirrt und hat nicht wirklich geholfen.;negativ
Der Service war hervorragend und mein Anliegen wurde sofort geklärt.;positiv
Mein Anliegen wurde ignoriert und nicht gelöst. Sehr unzufrieden.;negativ
Fantastischer Service! Mein Problem wurde sofort gelöst.;positiv
Der Service war hervorragend und mein Anliegen wurde sofort geklärt.;positiv
Das Support-Team schien verwirrt und hat nicht wirklich geholfen.;negativ
Fantastischer Service! Mein Problem wurde sofort gelöst.;positiv
Der Service war hervorragend und mein Anliegen wurde sofort geklärt.;positiv
Das Support-Team schien verwirrt und hat nicht wirklich geholfen.;negativ
Der Support war sehr hilfsbereit und hat mein Problem schnell gelöst.;positiv
Mein Anliegen wurde ignoriert und nicht gelöst. Sehr unzufrieden.;negativ
Der Support war sehr hilfsbereit und hat mein Problem schnell gelöst.;positiv
Der Service war hervorragend und mein Anliegen wurde sofort geklärt.;positiv
Fantastischer Service! Mein Problem wurde sofort gelöst.;positiv
Es hat zu lange gedauert und niemand konnte mir helfen.;negativ
Der Service hat zu lange gebraucht und mein Problem nicht gelöst.;negativ
Der Service war hervorragend und mein Anliegen wurde sofort geklärt.;positiv
Der Support war sehr hilfsbereit und hat mein Problem schnell gelöst.;positiv
Der Service war hervorragend und mein Anliegen wurde sofort geklärt.;positiv
Der Service war hervorragend und mein Anliegen wurde sofort geklärt.;positiv
Es hat zu lange gedauert und niemand konnte mir helfen.;negativ
Der Mitarbeiter war sehr unhöflich und mein Problem wurde nicht behoben.;negativ
Mein Anliegen wurde ignoriert und nicht gelöst. Sehr unzufrieden.;negativ
Der Service hat zu lange gebraucht und mein Problem nicht gelöst.;negativ
Es hat zu lange gedauert und niemand konnte mir helfen.;negativ
Das Support-Team schien verwirrt und hat nicht wirklich geholfen.;negativ
Der Mitarbeiter war sehr unhöflich und mein Problem wurde nicht behoben.;negativ
Mein Anliegen wurde ignoriert und nicht gelöst. Sehr unzufrieden.;negativ
Fantastischer Service! Mein Problem wurde sofort gelöst.;positiv
Mein Anliegen wurde ignoriert und nicht gelöst. Sehr unzufrieden.;negativ
Der Mitarbeiter war sehr unhöflich und mein Problem wurde nicht behoben.;negativ
Der Service war hervorragend und mein Anliegen wurde sofort geklärt.;positiv
Der Mitarbeiter war sehr unhöflich und mein Problem wurde nicht behoben.;negativ
Der Mitarbeiter war sehr unhöflich und mein Problem wurde nicht behoben.;negativ
Der Support war sehr hilfsbereit und hat mein Problem schnell gelöst.;positiv
Mein Anliegen wurde ignoriert und nicht gelöst. Sehr unzufrieden.;negativ
Fantastischer Service! Mein Problem wurde sofort gelöst.;positiv
Fantastischer Service! Mein Problem wurde sofort gelöst.;positiv
Es hat zu lange gedauert und niemand konnte mir helfen.;negativ
Der Support war sehr hilfsbereit und hat mein Problem schnell gelöst.;positiv
Das Support-Team schien verwirrt und hat nicht wirklich geholfen.;negativ
Der Mitarbeiter war sehr unhöflich und mein Problem wurde nicht behoben.;negativ
Der Service war hervorragend und mein Anliegen wurde sofort geklärt.;positiv
Der Mitarbeiter war sehr unhöflich und mein Problem wurde nicht behoben.;negativ
Das Support-Team schien verwirrt und hat nicht wirklich geholfen.;negativ
Fantastischer Service! Mein Problem wurde sofort gelöst.;positiv
Der Service hat zu lange gebraucht und mein Problem nicht gelöst.;negativ
Der Service hat zu lange gebraucht und mein Problem nicht gelöst.;negativ
Der Mitarbeiter war sehr unhöflich und mein Problem wurde nicht behoben.;negativ
Es hat zu lange gedauert und niemand konnte mir helfen.;negativ
Fantastischer Service! Mein Problem wurde sofort gelöst.;positiv
Der Service war hervorragend und mein Anliegen wurde sofort geklärt.;positiv
Der Mitarbeiter war sehr unhöflich und mein Problem wurde nicht behoben.;negativ
Der Service war hervorragend und mein Anliegen wurde sofort geklärt.;positiv
Der Service hat zu lange gebraucht und mein Problem nicht gelöst.;negativ
Der Support war sehr hilfsbereit und hat mein Problem schnell gelöst.;positiv
Der Support war sehr hilfsbereit und hat mein Problem schnell gelöst.;positiv
Der Service hat zu lange gebraucht und mein Problem nicht gelöst.;negativ
Es hat zu lange gedauert und niemand konnte mir helfen.;negativ
Mein Anliegen wurde ignoriert und nicht gelöst. Sehr unzufrieden.;negativ
Der Support war sehr hilfsbereit und hat mein Problem schnell gelöst.;positiv
Der Service hat zu lange gebraucht und mein Problem nicht gelöst.;negativ
Das Support-Team schien verwirrt und hat nicht wirklich geholfen.;negativ
Mein Anliegen wurde ignoriert und nicht gelöst. Sehr unzufrieden.;negativ
Es hat zu lange gedauert und niemand konnte mir helfen.;negativ
Das Support-Team schien verwirrt und hat nicht wirklich geholfen.;negativ
Der Mitarbeiter war sehr unhöflich und mein Problem wurde nicht behoben.;negativ
Es hat zu lange gedauert und niemand konnte mir helfen.;negativ
Der Support war sehr hilfsbereit und hat mein Problem schnell gelöst.;positiv
Der Service hat zu lange gebraucht und mein Problem nicht gelöst.;negativ
Mein Anliegen wurde ignoriert und nicht gelöst. Sehr unzufrieden.;negativ
Der Prozess war etwas langwierig,  aber das Endergebnis war in Ordnung.;neutral
Schlechter Kundenservice,  niemand hat auf meine Anfragen geantwortet.;negativ
Ich bin wirklich beeindruckt,  wie schnell mein Problem gelöst wurde.;positiv
Insgesamt eine gute Erfahrung,  hätte aber schneller sein können.;neutral
Insgesamt eine gute Erfahrung,  hätte aber schneller sein können.;neutral
Ich bin sehr zufrieden mit dem Service,  mein Problem wurde sofort behoben.;positiv
Das Team hat großartige Arbeit geleistet,  alles war super.;positiv
Ich musste stundenlang warten,  bis sich jemand bei mir gemeldet hat. Sehr frustrierend.;negativ
Ich bin wirklich beeindruckt,  wie schnell mein Problem gelöst wurde.;positiv
Der Vorgang war unkompliziert,  aber ich musste etwas länger warten.;neutral
Die Bearbeitung war schnell,  aber die Lösung war unklar.;neutral
Der Prozess war etwas langwierig,  aber das Endergebnis war in Ordnung.;neutral
Ich bin wirklich beeindruckt,  wie schnell mein Problem gelöst wurde.;positiv
Das Team hat großartige Arbeit geleistet,  alles war super.;positiv
Hervorragender Kundenservice,  sehr freundlich und effizient!;positiv
Der Prozess war etwas langwierig,  aber das Endergebnis war in Ordnung.;neutral
Die Bearbeitung war schnell,  aber die Lösung war unklar.;neutral
Ich bin sehr zufrieden mit dem Service,  mein Problem wurde sofort behoben.;positiv
Hervorragender Kundenservice,  sehr freundlich und effizient!;positiv
Das Team hat großartige Arbeit geleistet,  alles war super.;positiv
Hervorragender Kundenservice,  sehr freundlich und effizient!;positiv
Schlechter Kundenservice,  niemand hat auf meine Anfragen geantwortet.;negativ
Insgesamt eine gute Erfahrung,  hätte aber schneller sein können.;neutral
Ich bin sehr zufrieden mit dem Service,  mein Problem wurde sofort behoben.;positiv
Der Vorgang war unkompliziert,  aber ich musste etwas länger warten.;neutral
Das Team hat großartige Arbeit geleistet,  alles war super.;positiv
Ich musste stundenlang warten,  bis sich jemand bei mir gemeldet hat. Sehr frustrierend.;negativ
Die Lösung war in Ordnung,  aber der Prozess war etwas langsam.;neutral
Ich bin sehr zufrieden mit dem Service,  mein Problem wurde sofort behoben.;positiv
Schlechter Kundenservice,  niemand hat auf meine Anfragen geantwortet.;negativ
Ich musste stundenlang warten,  bis sich jemand bei mir gemeldet hat. Sehr frustrierend.;negativ
Insgesamt eine gute Erfahrung,  hätte aber schneller sein können.;neutral
Hervorragender Kundenservice,  sehr freundlich und effizient!;positiv
Ich bin wirklich beeindruckt,  wie schnell mein Problem gelöst wurde.;positiv
Ich bin sehr zufrieden mit dem Service,  mein Problem wurde sofort behoben.;positiv
Schlechter Kundenservice,  niemand hat auf meine Anfragen geantwortet.;negativ
Der Vorgang war unkompliziert,  aber ich musste etwas länger warten.;neutral
Der Prozess war etwas langwierig,  aber das Endergebnis war in Ordnung.;neutral
Ich musste stundenlang warten,  bis sich jemand bei mir gemeldet hat. Sehr frustrierend.;negativ
Die Bearbeitung war schnell,  aber die Lösung war unklar.;neutral
Das Team hat großartige Arbeit geleistet,  alles war super.;positiv
Ich bin wirklich beeindruckt,  wie schnell mein Problem gelöst wurde.;positiv
Die Bearbeitung war schnell,  aber die Lösung war unklar.;neutral
Ich bin wirklich beeindruckt,  wie schnell mein Problem gelöst wurde.;positiv
Hervorragender Kundenservice,  sehr freundlich und effizient!;positiv
Die Lösung war in Ordnung,  aber der Prozess war etwas langsam.;neutral
Die Lösung war in Ordnung,  aber der Prozess war etwas langsam.;neutral
Der Vorgang war unkompliziert,  aber ich musste etwas länger warten.;neutral
Hervorragender Kundenservice,  sehr freundlich und effizient!;positiv
Die Bearbeitung war schnell,  aber die Lösung war unklar.;neutral
Das Team hat großartige Arbeit geleistet,  alles war super.;positiv
Hervorragender Kundenservice,  sehr freundlich und effizient!;positiv
Hervorragender Kundenservice,  sehr freundlich und effizient!;positiv
Das Team hat großartige Arbeit geleistet,  alles war super.;positiv
Hervorragender Kundenservice,  sehr freundlich und effizient!;positiv
Ich bin sehr zufrieden mit dem Service,  mein Problem wurde sofort behoben.;positiv
Ich musste stundenlang warten,  bis sich jemand bei mir gemeldet hat. Sehr frustrierend.;negativ
Der Vorgang war unkompliziert,  aber ich musste etwas länger warten.;neutral
Das Team hat großartige Arbeit geleistet,  alles war super.;positiv
Die Bearbeitung war schnell,  aber die Lösung war unklar.;neutral
Das Team hat großartige Arbeit geleistet,  alles war super.;positiv
Hervorragender Kundenservice,  sehr freundlich und effizient!;positiv
Das Team hat großartige Arbeit geleistet,  alles war super.;positiv
Ich bin wirklich beeindruckt,  wie schnell mein Problem gelöst wurde.;positiv
Das Team hat großartige Arbeit geleistet,  alles war super.;positiv
Insgesamt eine gute Erfahrung,  hätte aber schneller sein können.;neutral
Ich bin wirklich beeindruckt,  wie schnell mein Problem gelöst wurde.;positiv
Die Bearbeitung war schnell,  aber die Lösung war unklar.;neutral
Die Lösung war in Ordnung,  aber der Prozess war etwas langsam.;neutral
Die Lösung war in Ordnung,  aber der Prozess war etwas langsam.;neutral
Ich bin sehr zufrieden mit dem Service,  mein Problem wurde sofort behoben.;positiv
Das Team hat großartige Arbeit geleistet,  alles war super.;positiv
Der Prozess war etwas langwierig,  aber das Endergebnis war in Ordnung.;neutral
Das Team hat großartige Arbeit geleistet,  alles war super.;positiv
Schlechter Kundenservice,  niemand hat auf meine Anfragen geantwortet.;negativ
Der Prozess war etwas langwierig,  aber das Endergebnis war in Ordnung.;neutral
Der Vorgang war unkompliziert,  aber ich musste etwas länger warten.;neutral
Die Lösung war in Ordnung,  aber der Prozess war etwas langsam.;neutral
Das Team hat großartige Arbeit geleistet,  alles war super.;positiv
Schlechter Kundenservice,  niemand hat auf meine Anfragen geantwortet.;negativ
Der Prozess war etwas langwierig,  aber das Endergebnis war in Ordnung.;neutral
Ich bin sehr zufrieden mit dem Service,  mein Problem wurde sofort behoben.;positiv
Insgesamt eine gute Erfahrung,  hätte aber schneller sein können.;neutral
Das Team hat großartige Arbeit geleistet,  alles war super.;positiv
Insgesamt eine gute Erfahrung,  hätte aber schneller sein können.;neutral
Hervorragender Kundenservice,  sehr freundlich und effizient!;positiv
Schlechter Kundenservice,  niemand hat auf meine Anfragen geantwortet.;negativ
Der Prozess war etwas langwierig,  aber das Endergebnis war in Ordnung.;neutral
Der Vorgang war unkompliziert,  aber ich musste etwas länger warten.;neutral
Ich bin wirklich beeindruckt,  wie schnell mein Problem gelöst wurde.;positiv
Hervorragender Kundenservice,  sehr freundlich und effizient!;positiv
Das Team hat großartige Arbeit geleistet,  alles war super.;positiv
Schlechter Kundenservice,  niemand hat auf meine Anfragen geantwortet.;negativ
Die Bearbeitung war schnell,  aber die Lösung war unklar.;neutral
Das Team hat großartige Arbeit geleistet,  alles war super.;positiv
Ich bin sehr zufrieden mit dem Service,  mein Problem wurde sofort behoben.;positiv
Ich musste stundenlang warten,  bis sich jemand bei mir gemeldet hat. Sehr frustrierend.;negativ
Ich bin sehr zufrieden mit dem Service,  mein Problem wurde sofort behoben.;positiv
Ich musste stundenlang warten,  bis sich jemand bei mir gemeldet hat. Sehr frustrierend.;negativ
Ich bin wirklich beeindruckt,  wie schnell mein Problem gelöst wurde.;positiv
Hervorragender Kundenservice,  sehr freundlich und effizient!;positiv
Insgesamt eine gute Erfahrung,  hätte aber schneller sein können.;neutral
Das Team hat großartige Arbeit geleistet,  alles war super.;positiv
Ich bin sehr zufrieden mit dem Service,  mein Problem wurde sofort behoben.;positiv
Die Bearbeitung war schnell,  aber die Lösung war unklar.;neutral
Der Vorgang war unkompliziert,  aber ich musste etwas länger warten.;neutral
Schlechter Kundenservice,  niemand hat auf meine Anfragen geantwortet.;negativ
Schlechter Kundenservice,  niemand hat auf meine Anfragen geantwortet.;negativ
Der Prozess war etwas langwierig,  aber das Endergebnis war in Ordnung.;neutral
Die Bearbeitung war schnell,  aber die Lösung war unklar.;neutral
Der Prozess war etwas langwierig,  aber das Endergebnis war in Ordnung.;neutral
Ich musste stundenlang warten,  bis sich jemand bei mir gemeldet hat. Sehr frustrierend.;negativ
Schlechter Kundenservice,  niemand hat auf meine Anfragen geantwortet.;negativ
Insgesamt eine gute Erfahrung,  hätte aber schneller sein können.;neutral
Ich bin wirklich beeindruckt,  wie schnell mein Problem gelöst wurde.;positiv
Schlechter Kundenservice,  niemand hat auf meine Anfragen geantwortet.;negativ
Insgesamt eine gute Erfahrung,  hätte aber schneller sein können.;neutral
Ich bin wirklich beeindruckt,  wie schnell mein Problem gelöst wurde.;positiv
Ich musste stundenlang warten,  bis sich jemand bei mir gemeldet hat. Sehr frustrierend.;negativ
Hervorragender Kundenservice,  sehr freundlich und effizient!;positiv
Schlechter Kundenservice,  niemand hat auf meine Anfragen geantwortet.;negativ
Ich bin sehr zufrieden mit dem Service,  mein Problem wurde sofort behoben.;positiv
Das Team hat großartige Arbeit geleistet,  alles war super.;positiv
Insgesamt eine gute Erfahrung,  hätte aber schneller sein können.;neutral
Ich bin sehr zufrieden mit dem Service,  mein Problem wurde sofort behoben.;positiv
Die Bearbeitung war schnell,  aber die Lösung war unklar.;neutral
Insgesamt eine gute Erfahrung,  hätte aber schneller sein können.;neutral
Insgesamt eine gute Erfahrung,  hätte aber schneller sein können.;neutral
Das Team hat großartige Arbeit geleistet,  alles war super.;positiv
Ich bin sehr zufrieden mit dem Service,  mein Problem wurde sofort behoben.;positiv
Die Bearbeitung war schnell,  aber die Lösung war unklar.;neutral
Die Lösung war in Ordnung,  aber der Prozess war etwas langsam.;neutral
Das Team hat großartige Arbeit geleistet,  alles war super.;positiv
Die Lösung war in Ordnung,  aber der Prozess war etwas langsam.;neutral
Insgesamt eine gute Erfahrung,  hätte aber schneller sein können.;neutral
Das Team hat großartige Arbeit geleistet,  alles war super.;positiv
Der Vorgang war unkompliziert,  aber ich musste etwas länger warten.;neutral
Die Lösung war in Ordnung,  aber der Prozess war etwas langsam.;neutral
Der Vorgang war unkompliziert,  aber ich musste etwas länger warten.;neutral
Die Bearbeitung war schnell,  aber die Lösung war unklar.;neutral
Insgesamt eine gute Erfahrung,  hätte aber schneller sein können.;neutral
Ich bin wirklich beeindruckt,  wie schnell mein Problem gelöst wurde.;positiv
Der Vorgang war unkompliziert,  aber ich musste etwas länger warten.;neutral
Schlechter Kundenservice,  niemand hat auf meine Anfragen geantwortet.;negativ
Ich bin wirklich beeindruckt,  wie schnell mein Problem gelöst wurde.;positiv
Ich bin wirklich beeindruckt,  wie schnell mein Problem gelöst wurde.;positiv
Schlechter Kundenservice,  niemand hat auf meine Anfragen geantwortet.;negativ
Die Bearbeitung war schnell,  aber die Lösung war unklar.;neutral
Schlechter Kundenservice,  niemand hat auf meine Anfragen geantwortet.;negativ
Die Bearbeitung war schnell,  aber die Lösung war unklar.;neutral
Der Vorgang war unkompliziert,  aber ich musste etwas länger warten.;neutral
Insgesamt eine gute Erfahrung,  hätte aber schneller sein können.;neutral
Die Lösung war in Ordnung,  aber der Prozess war etwas langsam.;neutral
Ich musste stundenlang warten,  bis sich jemand bei mir gemeldet hat. Sehr frustrierend.;negativ
Die Lösung war in Ordnung,  aber der Prozess war etwas langsam.;neutral
Die Lösung war in Ordnung,  aber der Prozess war etwas langsam.;neutral
Der Prozess war etwas langwierig,  aber das Endergebnis war in Ordnung.;neutral
Ich bin sehr zufrieden mit dem Service,  mein Problem wurde sofort behoben.;positiv
Das Team hat großartige Arbeit geleistet,  alles war super.;positiv
Ich musste stundenlang warten,  bis sich jemand bei mir gemeldet hat. Sehr frustrierend.;negativ
Das Team hat großartige Arbeit geleistet,  alles war super.;positiv
Der Vorgang war unkompliziert,  aber ich musste etwas länger warten.;neutral
Hervorragender Kundenservice,  sehr freundlich und effizient!;positiv
Ich bin wirklich beeindruckt,  wie schnell mein Problem gelöst wurde.;positiv
Ich musste stundenlang warten,  bis sich jemand bei mir gemeldet hat. Sehr frustrierend.;negativ
Ich bin wirklich beeindruckt,  wie schnell mein Problem gelöst wurde.;positiv
Ich bin wirklich beeindruckt,  wie schnell mein Problem gelöst wurde.;positiv
Insgesamt eine gute Erfahrung,  hätte aber schneller sein können.;neutral
Ich musste stundenlang warten,  bis sich jemand bei mir gemeldet hat. Sehr frustrierend.;negativ
Ich bin wirklich beeindruckt,  wie schnell mein Problem gelöst wurde.;positiv
Der Prozess war etwas langwierig,  aber das Endergebnis war in Ordnung.;neutral
Der Prozess war etwas langwierig,  aber das Endergebnis war in Ordnung.;neutral
Insgesamt eine gute Erfahrung,  hätte aber schneller sein können.;neutral
Der Prozess war etwas langwierig,  aber das Endergebnis war in Ordnung.;neutral
Der Prozess war etwas langwierig,  aber das Endergebnis war in Ordnung.;neutral
Der Vorgang war unkompliziert,  aber ich musste etwas länger warten.;neutral
Ich musste stundenlang warten,  bis sich jemand bei mir gemeldet hat. Sehr frustrierend.;negativ
Schlechter Kundenservice,  niemand hat auf meine Anfragen geantwortet.;negativ
Ich bin wirklich beeindruckt,  wie schnell mein Problem gelöst wurde.;positiv
Hervorragender Kundenservice,  sehr freundlich und effizient!;positiv
Ich bin wirklich beeindruckt,  wie schnell mein Problem gelöst wurde.;positiv
Die Bearbeitung war schnell,  aber die Lösung war unklar.;neutral
Schlechter Kundenservice,  niemand hat auf meine Anfragen geantwortet.;negativ
Insgesamt eine gute Erfahrung,  hätte aber schneller sein können.;neutral
Die Lösung war in Ordnung,  aber der Prozess war etwas langsam.;neutral
Der Vorgang war unkompliziert,  aber ich musste etwas länger warten.;neutral
Ich bin sehr zufrieden mit dem Service,  mein Problem wurde sofort behoben.;positiv
Ich bin sehr zufrieden mit dem Service,  mein Problem wurde sofort behoben.;positiv
Der Prozess war etwas langwierig,  aber das Endergebnis war in Ordnung.;neutral
Die Lösung war in Ordnung,  aber der Prozess war etwas langsam.;neutral
Hervorragender Kundenservice,  sehr freundlich und effizient!;positiv
Die Lösung war in Ordnung,  aber der Prozess war etwas langsam.;neutral
Insgesamt eine gute Erfahrung,  hätte aber schneller sein können.;neutral
Insgesamt eine gute Erfahrung,  hätte aber schneller sein können.;neutral
Schlechter Kundenservice,  niemand hat auf meine Anfragen geantwortet.;negativ
Der Prozess war etwas langwierig,  aber das Endergebnis war in Ordnung.;neutral
Das Team hat großartige Arbeit geleistet,  alles war super.;positiv
Hervorragender Kundenservice,  sehr freundlich und effizient!;positiv
Die Bearbeitung war schnell,  aber die Lösung war unklar.;neutral
Die Bearbeitung war schnell,  aber die Lösung war unklar.;neutral
Die Bearbeitung war schnell,  aber die Lösung war unklar.;neutral
Der Prozess war etwas langwierig,  aber das Endergebnis war in Ordnung.;neutral
Insgesamt eine gute Erfahrung,  hätte aber schneller sein können.;neutral
Hervorragender Kundenservice,  sehr freundlich und effizient!;positiv
Insgesamt eine gute Erfahrung,  hätte aber schneller sein können.;neutral
Die Lösung war in Ordnung,  aber der Prozess war etwas langsam.;neutral
Das Team hat großartige Arbeit geleistet,  alles war super.;positiv
Insgesamt eine gute Erfahrung,  hätte aber schneller sein können.;neutral
Insgesamt eine gute Erfahrung,  hätte aber schneller sein können.;neutral
Der Vorgang war unkompliziert,  aber ich musste etwas länger warten.;neutral
Hervorragender Kundenservice,  sehr freundlich und effizient!;positiv
Der Vorgang war unkompliziert,  aber ich musste etwas länger warten.;neutral
Ich musste stundenlang warten,  bis sich jemand bei mir gemeldet hat. Sehr frustrierend.;negativ
Insgesamt eine gute Erfahrung,  hätte aber schneller sein können.;neutral
Die Lösung war in Ordnung,  aber der Prozess war etwas langsam.;neutral
Der Vorgang war unkompliziert,  aber ich musste etwas länger warten.;neutral
Das Team hat großartige Arbeit geleistet,  alles war super.;positiv
Der Prozess war etwas langwierig,  aber das Endergebnis war in Ordnung.;neutral
Insgesamt eine gute Erfahrung,  hätte aber schneller sein können.;neutral
Die Lösung war in Ordnung,  aber der Prozess war etwas langsam.;neutral
Hervorragender Kundenservice,  sehr freundlich und effizient!;positiv
Die Bearbeitung war schnell,  aber die Lösung war unklar.;neutral
Ich bin sehr zufrieden mit dem Service,  mein Problem wurde sofort behoben.;positiv
Die Lösung war in Ordnung,  aber der Prozess war etwas langsam.;neutral
Insgesamt eine gute Erfahrung,  hätte aber schneller sein können.;neutral
Ich bin sehr zufrieden mit dem Service,  mein Problem wurde sofort behoben.;positiv
Insgesamt eine gute Erfahrung,  hätte aber schneller sein können.;neutral
Schlechter Kundenservice,  niemand hat auf meine Anfragen geantwortet.;negativ
Insgesamt eine gute Erfahrung,  hätte aber schneller sein können.;neutral
Hervorragender Kundenservice,  sehr freundlich und effizient!;positiv
Ich musste stundenlang warten,  bis sich jemand bei mir gemeldet hat. Sehr frustrierend.;negativ
Ich musste stundenlang warten,  bis sich jemand bei mir gemeldet hat. Sehr frustrierend.;negativ
Die Bearbeitung war schnell,  aber die Lösung war unklar.;neutral
Ich musste stundenlang warten,  bis sich jemand bei mir gemeldet hat. Sehr frustrierend.;negativ
Der Vorgang war unkompliziert,  aber ich musste etwas länger warten.;neutral
Ich bin wirklich beeindruckt,  wie schnell mein Problem gelöst wurde.;positiv
Insgesamt eine gute Erfahrung,  hätte aber schneller sein können.;neutral
Hervorragender Kundenservice,  sehr freundlich und effizient!;positiv
Insgesamt eine gute Erfahrung,  hätte aber schneller sein können.;neutral
Schlechter Kundenservice,  niemand hat auf meine Anfragen geantwortet.;negativ
Ich bin wirklich beeindruckt,  wie schnell mein Problem gelöst wurde.;positiv
Der Vorgang war unkompliziert,  aber ich musste etwas länger warten.;neutral
Hervorragender Kundenservice,  sehr freundlich und effizient!;positiv
Der Vorgang war unkompliziert,  aber ich musste etwas länger warten.;neutral
Der Vorgang war unkompliziert,  aber ich musste etwas länger warten.;neutral
Schlechter Kundenservice,  niemand hat auf meine Anfragen geantwortet.;negativ
Ich bin sehr zufrieden mit dem Service,  mein Problem wurde sofort behoben.;positiv
Hervorragender Kundenservice,  sehr freundlich und effizient!;positiv
Der Prozess war etwas langwierig,  aber das Endergebnis war in Ordnung.;neutral
Ich bin sehr zufrieden mit dem Service,  mein Problem wurde sofort behoben.;positiv
Hervorragender Kundenservice,  sehr freundlich und effizient!;positiv
Die Lösung war in Ordnung,  aber der Prozess war etwas langsam.;neutral
Insgesamt eine gute Erfahrung,  hätte aber schneller sein können.;neutral
Schlechter Kundenservice,  niemand hat auf meine Anfragen geantwortet.;negativ
Die Lösung war in Ordnung,  aber der Prozess war etwas langsam.;neutral
Insgesamt eine gute Erfahrung,  hätte aber schneller sein können.;neutral
Ich bin sehr zufrieden mit dem Service,  mein Problem wurde sofort behoben.;positiv
Die Lösung war in Ordnung,  aber der Prozess war etwas langsam.;neutral
Insgesamt eine gute Erfahrung,  hätte aber schneller sein können.;neutral
Ich bin sehr zufrieden mit dem Service,  mein Problem wurde sofort behoben.;positiv
Ich musste stundenlang warten,  bis sich jemand bei mir gemeldet hat. Sehr frustrierend.;negativ
Schlechter Kundenservice,  niemand hat auf meine Anfragen geantwortet.;negativ
Die Bearbeitung war schnell,  aber die Lösung war unklar.;neutral
Ich bin wirklich beeindruckt,  wie schnell mein Problem gelöst wurde.;positiv
Das Team hat großartige Arbeit geleistet,  alles war super.;positiv
Schlechter Kundenservice,  niemand hat auf meine Anfragen geantwortet.;negativ
Schlechter Kundenservice,  niemand hat auf meine Anfragen geantwortet.;negativ
Die Bearbeitung war schnell,  aber die Lösung war unklar.;neutral
Der Prozess war etwas langwierig,  aber das Endergebnis war in Ordnung.;neutral
Insgesamt eine gute Erfahrung,  hätte aber schneller sein können.;neutral
Das Team hat großartige Arbeit geleistet,  alles war super.;positiv
Hervorragender Kundenservice,  sehr freundlich und effizient!;positiv
Die Lösung war in Ordnung,  aber der Prozess war etwas langsam.;neutral
Das Team hat großartige Arbeit geleistet,  alles war super.;positiv
Ich bin wirklich beeindruckt,  wie schnell mein Problem gelöst wurde.;positiv
Die Lösung war in Ordnung,  aber der Prozess war etwas langsam.;neutral
Insgesamt eine gute Erfahrung,  hätte aber schneller sein können.;neutral
Ich bin wirklich beeindruckt,  wie schnell mein Problem gelöst wurde.;positiv
Der Prozess war etwas langwierig,  aber das Endergebnis war in Ordnung.;neutral
Der Vorgang war unkompliziert,  aber ich musste etwas länger warten.;neutral
Der Vorgang war unkompliziert,  aber ich musste etwas länger warten.;neutral
Ich musste stundenlang warten,  bis sich jemand bei mir gemeldet hat. Sehr frustrierend.;negativ
Die Lösung war in Ordnung,  aber der Prozess war etwas langsam.;neutral
Schlechter Kundenservice,  niemand hat auf meine Anfragen geantwortet.;negativ
Die Bearbeitung war schnell,  aber die Lösung war unklar.;neutral
Das Team hat großartige Arbeit geleistet,  alles war super.;positiv
Hervorragender Kundenservice,  sehr freundlich und effizient!;positiv
Ich bin wirklich beeindruckt,  wie schnell mein Problem gelöst wurde.;positiv
Schlechter Kundenservice,  niemand hat auf meine Anfragen geantwortet.;negativ
Schlechter Kundenservice,  niemand hat auf meine Anfragen geantwortet.;negativ
Schlechter Kundenservice,  niemand hat auf meine Anfragen geantwortet.;negativ
Ich musste stundenlang warten,  bis sich jemand bei mir gemeldet hat. Sehr frustrierend.;negativ
Ich bin sehr zufrieden mit dem Service,  mein Problem wurde sofort behoben.;positiv
Die Lösung war in Ordnung,  aber der Prozess war etwas langsam.;neutral
Hervorragender Kundenservice,  sehr freundlich und effizient!;positiv
Der Vorgang war unkompliziert,  aber ich musste etwas länger warten.;neutral
Insgesamt eine gute Erfahrung,  hätte aber schneller sein können.;neutral
Hervorragender Kundenservice,  sehr freundlich und effizient!;positiv
Ich bin sehr zufrieden mit dem Service,  mein Problem wurde sofort behoben.;positiv
Ich bin sehr zufrieden mit dem Service,  mein Problem wurde sofort behoben.;positiv
Das Team hat großartige Arbeit geleistet,  alles war super.;positiv
Ich musste stundenlang warten,  bis sich jemand bei mir gemeldet hat. Sehr frustrierend.;negativ
Schlechter Kundenservice,  niemand hat auf meine Anfragen geantwortet.;negativ
Die Bearbeitung war schnell,  aber die Lösung war unklar.;neutral
Ich bin wirklich beeindruckt,  wie schnell mein Problem gelöst wurde.;positiv
Die Bearbeitung war schnell,  aber die Lösung war unklar.;neutral
Ich bin wirklich beeindruckt,  wie schnell mein Problem gelöst wurde.;positiv
Der Vorgang war unkompliziert,  aber ich musste etwas länger warten.;neutral
Insgesamt eine gute Erfahrung,  hätte aber schneller sein können.;neutral
Schlechter Kundenservice,  niemand hat auf meine Anfragen geantwortet.;negativ
Ich bin wirklich beeindruckt,  wie schnell mein Problem gelöst wurde.;positiv
Schlechter Kundenservice,  niemand hat auf meine Anfragen geantwortet.;negativ
Ich musste stundenlang warten,  bis sich jemand bei mir gemeldet hat. Sehr frustrierend.;negativ
Schlechter Kundenservice,  niemand hat auf meine Anfragen geantwortet.;negativ
Schlechter Kundenservice,  niemand hat auf meine Anfragen geantwortet.;negativ
Das Team hat großartige Arbeit geleistet,  alles war super.;positiv
Der Prozess war etwas langwierig,  aber das Endergebnis war in Ordnung.;neutral
Die Lösung war in Ordnung,  aber der Prozess war etwas langsam.;neutral
Ich musste stundenlang warten,  bis sich jemand bei mir gemeldet hat. Sehr frustrierend.;negativ
Ich bin sehr zufrieden mit dem Service,  mein Problem wurde sofort behoben.;positiv
Ich bin sehr zufrieden mit dem Service,  mein Problem wurde sofort behoben.;positiv
Das Team hat großartige Arbeit geleistet,  alles war super.;positiv
Ich musste stundenlang warten,  bis sich jemand bei mir gemeldet hat. Sehr frustrierend.;negativ
Ich bin sehr zufrieden mit dem Service,  mein Problem wurde sofort behoben.;positiv
Ich bin wirklich beeindruckt,  wie schnell mein Problem gelöst wurde.;positiv
Insgesamt eine gute Erfahrung,  hätte aber schneller sein können.;neutral
Insgesamt eine gute Erfahrung,  hätte aber schneller sein können.;neutral
Die Lösung war in Ordnung,  aber der Prozess war etwas langsam.;neutral
Insgesamt eine gute Erfahrung,  hätte aber schneller sein können.;neutral
Der Prozess war etwas langwierig,  aber das Endergebnis war in Ordnung.;neutral
Ich bin wirklich beeindruckt,  wie schnell mein Problem gelöst wurde.;positiv
Hervorragender Kundenservice,  sehr freundlich und effizient!;positiv
Der Vorgang war unkompliziert,  aber ich musste etwas länger warten.;neutral
Das Team hat großartige Arbeit geleistet,  alles war super.;positiv
Der Prozess war etwas langwierig,  aber das Endergebnis war in Ordnung.;neutral
Insgesamt eine gute Erfahrung,  hätte aber schneller sein können.;neutral
Schlechter Kundenservice,  niemand hat auf meine Anfragen geantwortet.;negativ
Ich bin wirklich beeindruckt,  wie schnell mein Problem gelöst wurde.;positiv
Die Bearbeitung war schnell,  aber die Lösung war unklar.;neutral
Das Team hat großartige Arbeit geleistet,  alles war super.;positiv
Der Vorgang war unkompliziert,  aber ich musste etwas länger warten.;neutral
Hervorragender Kundenservice,  sehr freundlich und effizient!;positiv
Die Lösung war in Ordnung,  aber der Prozess war etwas langsam.;neutral
Ich bin wirklich beeindruckt,  wie schnell mein Problem gelöst wurde.;positiv
Das Team hat großartige Arbeit geleistet,  alles war super.;positiv
Der Prozess war etwas langwierig,  aber das Endergebnis war in Ordnung.;neutral
Die Lösung war in Ordnung,  aber der Prozess war etwas langsam.;neutral
Ich bin wirklich beeindruckt,  wie schnell mein Problem gelöst wurde.;positiv
Die Bearbeitung war schnell,  aber die Lösung war unklar.;neutral
Die Lösung war in Ordnung,  aber der Prozess war etwas langsam.;neutral
Ich bin sehr zufrieden mit dem Service,  mein Problem wurde sofort behoben.;positiv
Insgesamt eine gute Erfahrung,  hätte aber schneller sein können.;neutral
Ich bin sehr zufrieden mit dem Service,  mein Problem wurde sofort behoben.;positiv
Die Lösung war in Ordnung,  aber der Prozess war etwas langsam.;neutral
Insgesamt eine gute Erfahrung,  hätte aber schneller sein können.;neutral
Ich musste stundenlang warten,  bis sich jemand bei mir gemeldet hat. Sehr frustrierend.;negativ
Der Vorgang war unkompliziert,  aber ich musste etwas länger warten.;neutral
Der Vorgang war unkompliziert,  aber ich musste etwas länger warten.;neutral
Das Team hat großartige Arbeit geleistet,  alles war super.;positiv
Schlechter Kundenservice,  niemand hat auf meine Anfragen geantwortet.;negativ
Ich musste stundenlang warten,  bis sich jemand bei mir gemeldet hat. Sehr frustrierend.;negativ
Insgesamt eine gute Erfahrung,  hätte aber schneller sein können.;neutral
Ich musste stundenlang warten,  bis sich jemand bei mir gemeldet hat. Sehr frustrierend.;negativ
Ich musste stundenlang warten,  bis sich jemand bei mir gemeldet hat. Sehr frustrierend.;negativ
Schlechter Kundenservice,  niemand hat auf meine Anfragen geantwortet.;negativ
Der Prozess war etwas langwierig,  aber das Endergebnis war in Ordnung.;neutral
Die Bearbeitung war schnell,  aber die Lösung war unklar.;neutral
Schlechter Kundenservice,  niemand hat auf meine Anfragen geantwortet.;negativ
Hervorragender Kundenservice,  sehr freundlich und effizient!;positiv
Die Bearbeitung war schnell,  aber die Lösung war unklar.;neutral
Ich bin wirklich beeindruckt,  wie schnell mein Problem gelöst wurde.;positiv
Ich bin sehr zufrieden mit dem Service,  mein Problem wurde sofort behoben.;positiv
Schlechter Kundenservice,  niemand hat auf meine Anfragen geantwortet.;negativ
Ich bin sehr zufrieden mit dem Service,  mein Problem wurde sofort behoben.;positiv
Das Team hat großartige Arbeit geleistet,  alles war super.;positiv
Ich bin sehr zufrieden mit dem Service,  mein Problem wurde sofort behoben.;positiv
Die Lösung war in Ordnung,  aber der Prozess war etwas langsam.;neutral
Ich bin wirklich beeindruckt,  wie schnell mein Problem gelöst wurde.;positiv
Die Bearbeitung war schnell,  aber die Lösung war unklar.;neutral
Ich musste stundenlang warten,  bis sich jemand bei mir gemeldet hat. Sehr frustrierend.;negativ
Der Prozess war etwas langwierig,  aber das Endergebnis war in Ordnung.;neutral
Der Prozess war etwas langwierig,  aber das Endergebnis war in Ordnung.;neutral
Hervorragender Kundenservice,  sehr freundlich und effizient!;positiv
Das Team hat großartige Arbeit geleistet,  alles war super.;positiv
Ich bin wirklich beeindruckt,  wie schnell mein Problem gelöst wurde.;positiv
Ich bin wirklich beeindruckt,  wie schnell mein Problem gelöst wurde.;positiv
Insgesamt eine gute Erfahrung,  hätte aber schneller sein können.;neutral
Ich bin wirklich beeindruckt,  wie schnell mein Problem gelöst wurde.;positiv
Die Lösung war in Ordnung,  aber der Prozess war etwas langsam.;neutral
Ich musste stundenlang warten,  bis sich jemand bei mir gemeldet hat. Sehr frustrierend.;negativ
Die Bearbeitung war schnell,  aber die Lösung war unklar.;neutral
Die Bearbeitung war schnell,  aber die Lösung war unklar.;neutral
Die Lösung war in Ordnung,  aber der Prozess war etwas langsam.;neutral
Schlechter Kundenservice,  niemand hat auf meine Anfragen geantwortet.;negativ
Insgesamt eine gute Erfahrung,  hätte aber schneller sein können.;neutral
Schlechter Kundenservice,  niemand hat auf meine Anfragen geantwortet.;negativ
Ich bin sehr zufrieden mit dem Service,  mein Problem wurde sofort behoben.;positiv
Die Bearbeitung war schnell,  aber die Lösung war unklar.;neutral
Die Lösung war in Ordnung,  aber der Prozess war etwas langsam.;neutral
Insgesamt eine gute Erfahrung,  hätte aber schneller sein können.;neutral
Der Vorgang war unkompliziert,  aber ich musste etwas länger warten.;neutral
Schlechter Kundenservice,  niemand hat auf meine Anfragen geantwortet.;negativ
Insgesamt eine gute Erfahrung,  hätte aber schneller sein können.;neutral
Der Vorgang war unkompliziert,  aber ich musste etwas länger warten.;neutral
Ich bin wirklich beeindruckt,  wie schnell mein Problem gelöst wurde.;positiv
Ich bin sehr zufrieden mit dem Service,  mein Problem wurde sofort behoben.;positiv
Ich musste stundenlang warten,  bis sich jemand bei mir gemeldet hat. Sehr frustrierend.;negativ
Ich bin sehr zufrieden mit dem Service,  mein Problem wurde sofort behoben.;positiv
Schlechter Kundenservice,  niemand hat auf meine Anfragen geantwortet.;negativ
Der Vorgang war unkompliziert,  aber ich musste etwas länger warten.;neutral
Insgesamt eine gute Erfahrung,  hätte aber schneller sein können.;neutral
Ich musste stundenlang warten,  bis sich jemand bei mir gemeldet hat. Sehr frustrierend.;negativ
Insgesamt eine gute Erfahrung,  hätte aber schneller sein können.;neutral
Insgesamt eine gute Erfahrung,  hätte aber schneller sein können.;neutral
Schlechter Kundenservice,  niemand hat auf meine Anfragen geantwortet.;negativ
Ich bin sehr zufrieden mit dem Service,  mein Problem wurde sofort behoben.;positiv
Ich bin sehr zufrieden mit dem Service,  mein Problem wurde sofort behoben.;positiv
Der Vorgang war unkompliziert,  aber ich musste etwas länger warten.;neutral
Insgesamt eine gute Erfahrung,  hätte aber schneller sein können.;neutral
Ich bin wirklich beeindruckt,  wie schnell mein Problem gelöst wurde.;positiv
Hervorragender Kundenservice,  sehr freundlich und effizient!;positiv
Hervorragender Kundenservice,  sehr freundlich und effizient!;positiv
Schlechter Kundenservice,  niemand hat auf meine Anfragen geantwortet.;negativ
Das Team hat großartige Arbeit geleistet,  alles war super.;positiv
Insgesamt eine gute Erfahrung,  hätte aber schneller sein können.;neutral
Das Team hat großartige Arbeit geleistet,  alles war super.;positiv
Der Vorgang war unkompliziert,  aber ich musste etwas länger warten.;neutral
Der Prozess war etwas langwierig,  aber das Endergebnis war in Ordnung.;neutral
Das Team hat großartige Arbeit geleistet,  alles war super.;positiv
Die Bearbeitung war schnell,  aber die Lösung war unklar.;neutral
Hervorragender Kundenservice,  sehr freundlich und effizient!;positiv
Ich musste stundenlang warten,  bis sich jemand bei mir gemeldet hat. Sehr frustrierend.;negativ
Der Prozess war etwas langwierig,  aber das Endergebnis war in Ordnung.;neutral
Ich musste stundenlang warten,  bis sich jemand bei mir gemeldet hat. Sehr frustrierend.;negativ
Hervorragender Kundenservice,  sehr freundlich und effizient!;positiv
Die Bearbeitung war schnell,  aber die Lösung war unklar.;neutral
Hervorragender Kundenservice,  sehr freundlich und effizient!;positiv
Der Prozess war etwas langwierig,  aber das Endergebnis war in Ordnung.;neutral
Die Bearbeitung war schnell,  aber die Lösung war unklar.;neutral
Der Vorgang war unkompliziert,  aber ich musste etwas länger warten.;neutral
Ich bin wirklich beeindruckt,  wie schnell mein Problem gelöst wurde.;positiv
Die Lösung war in Ordnung,  aber der Prozess war etwas langsam.;neutral
Ich bin wirklich beeindruckt,  wie schnell mein Problem gelöst wurde.;positiv
Der Vorgang war unkompliziert,  aber ich musste etwas länger warten.;neutral
Ich bin wirklich beeindruckt,  wie schnell mein Problem gelöst wurde.;positiv
Ich musste stundenlang warten,  bis sich jemand bei mir gemeldet hat. Sehr frustrierend.;negativ
Die Lösung war in Ordnung,  aber der Prozess war etwas langsam.;neutral
Die Bearbeitung war schnell,  aber die Lösung war unklar.;neutral
Der Vorgang war unkompliziert,  aber ich musste etwas länger warten.;neutral
Der Vorgang war unkompliziert,  aber ich musste etwas länger warten.;neutral
Schlechter Kundenservice,  niemand hat auf meine Anfragen geantwortet.;negativ
Der Vorgang war unkompliziert,  aber ich musste etwas länger warten.;neutral
Der Prozess war etwas langwierig,  aber das Endergebnis war in Ordnung.;neutral
Ich bin wirklich beeindruckt,  wie schnell mein Problem gelöst wurde.;positiv
Schlechter Kundenservice,  niemand hat auf meine Anfragen geantwortet.;negativ
Schlechter Kundenservice,  niemand hat auf meine Anfragen geantwortet.;negativ
Die Bearbeitung war schnell,  aber die Lösung war unklar.;neutral
Hervorragender Kundenservice,  sehr freundlich und effizient!;positiv
Hervorragender Kundenservice,  sehr freundlich und effizient!;positiv
Ich bin sehr zufrieden mit dem Service,  mein Problem wurde sofort behoben.;positiv
Hervorragender Kundenservice,  sehr freundlich und effizient!;positiv
Die Lösung war in Ordnung,  aber der Prozess war etwas langsam.;neutral
Der Prozess war etwas langwierig,  aber das Endergebnis war in Ordnung.;neutral
Das Team hat großartige Arbeit geleistet,  alles war super.;positiv
Der Vorgang war unkompliziert,  aber ich musste etwas länger warten.;neutral
Ich bin wirklich beeindruckt,  wie schnell mein Problem gelöst wurde.;positiv
Der Prozess war etwas langwierig,  aber das Endergebnis war in Ordnung.;neutral
Ich bin wirklich beeindruckt,  wie schnell mein Problem gelöst wurde.;positiv
Der Prozess war etwas langwierig,  aber das Endergebnis war in Ordnung.;neutral
Insgesamt eine gute Erfahrung,  hätte aber schneller sein können.;neutral
Das Team hat großartige Arbeit geleistet,  alles war super.;positiv
Hervorragender Kundenservice,  sehr freundlich und effizient!;positiv
Schlechter Kundenservice,  niemand hat auf meine Anfragen geantwortet.;negativ
Hervorragender Kundenservice,  sehr freundlich und effizient!;positiv
Insgesamt eine gute Erfahrung,  hätte aber schneller sein können.;neutral
Schlechter Kundenservice,  niemand hat auf meine Anfragen geantwortet.;negativ
Ich musste stundenlang warten,  bis sich jemand bei mir gemeldet hat. Sehr frustrierend.;negativ
Insgesamt eine gute Erfahrung,  hätte aber schneller sein können.;neutral
Schlechter Kundenservice,  niemand hat auf meine Anfragen geantwortet.;negativ
Das Team hat großartige Arbeit geleistet,  alles war super.;positiv
Hervorragender Kundenservice,  sehr freundlich und effizient!;positiv
Schlechter Kundenservice,  niemand hat auf meine Anfragen geantwortet.;negativ
Der Vorgang war unkompliziert,  aber ich musste etwas länger warten.;neutral
Schlechter Kundenservice,  niemand hat auf meine Anfragen geantwortet.;negativ
Die Bearbeitung war schnell,  aber die Lösung war unklar.;neutral
Hervorragender Kundenservice,  sehr freundlich und effizient!;positiv
Die Lösung war in Ordnung,  aber der Prozess war etwas langsam.;neutral
Hervorragender Kundenservice,  sehr freundlich und effizient!;positiv
Der Prozess war etwas langwierig,  aber das Endergebnis war in Ordnung.;neutral
Das Team hat großartige Arbeit geleistet,  alles war super.;positiv
Ich musste stundenlang warten,  bis sich jemand bei mir gemeldet hat. Sehr frustrierend.;negativ
Ich bin sehr zufrieden mit dem Service,  mein Problem wurde sofort behoben.;positiv
Der Prozess war etwas langwierig,  aber das Endergebnis war in Ordnung.;neutral
Ich musste stundenlang warten,  bis sich jemand bei mir gemeldet hat. Sehr frustrierend.;negativ
Ich bin sehr zufrieden mit dem Service,  mein Problem wurde sofort behoben.;positiv
Der Prozess war etwas langwierig,  aber das Endergebnis war in Ordnung.;neutral
Die Lösung war in Ordnung,  aber der Prozess war etwas langsam.;neutral
Hervorragender Kundenservice,  sehr freundlich und effizient!;positiv
Die Lösung war in Ordnung,  aber der Prozess war etwas langsam.;neutral
Ich bin wirklich beeindruckt,  wie schnell mein Problem gelöst wurde.;positiv
Die Lösung war in Ordnung,  aber der Prozess war etwas langsam.;neutral
Ich musste stundenlang warten,  bis sich jemand bei mir gemeldet hat. Sehr frustrierend.;negativ
Insgesamt eine gute Erfahrung,  hätte aber schneller sein können.;neutral
Hervorragender Kundenservice,  sehr freundlich und effizient!;positiv
Die Lösung war in Ordnung,  aber der Prozess war etwas langsam.;neutral
Der Prozess war etwas langwierig,  aber das Endergebnis war in Ordnung.;neutral
Insgesamt eine gute Erfahrung,  hätte aber schneller sein können.;neutral
Hervorragender Kundenservice,  sehr freundlich und effizient!;positiv
Der Prozess war etwas langwierig,  aber das Endergebnis war in Ordnung.;neutral
Hervorragender Kundenservice,  sehr freundlich und effizient!;positiv
Der Vorgang war unkompliziert,  aber ich musste etwas länger warten.;neutral
Ich musste stundenlang warten,  bis sich jemand bei mir gemeldet hat. Sehr frustrierend.;negativ
Die Lösung war in Ordnung,  aber der Prozess war etwas langsam.;neutral
Ich bin wirklich beeindruckt,  wie schnell mein Problem gelöst wurde.;positiv
Ich bin sehr zufrieden mit dem Service,  mein Problem wurde sofort behoben.;positiv
Hervorragender Kundenservice,  sehr freundlich und effizient!;positiv
Ich musste stundenlang warten,  bis sich jemand bei mir gemeldet hat. Sehr frustrierend.;negativ
Schlechter Kundenservice,  niemand hat auf meine Anfragen geantwortet.;negativ
Ich bin wirklich beeindruckt,  wie schnell mein Problem gelöst wurde.;positiv
Das Team hat großartige Arbeit geleistet,  alles war super.;positiv
Hervorragender Kundenservice,  sehr freundlich und effizient!;positiv
Schlechter Kundenservice,  niemand hat auf meine Anfragen geantwortet.;negativ
Hervorragender Kundenservice,  sehr freundlich und effizient!;positiv
Die Lösung war in Ordnung,  aber der Prozess war etwas langsam.;neutral
Hervorragender Kundenservice,  sehr freundlich und effizient!;positiv
Die Bearbeitung war schnell,  aber die Lösung war unklar.;neutral
Es war okay, nicht das Beste, aber das Problem wurde gelöst;neutral
